,crop,District,Year,Season,Area (Hectare),Production (Tonnes),Yield (Tonnes/Hectare),jan,feb,march,april,may,june,july,august,sept,oct,nov,dec
0,Arhar/Tur,Ahmadabad, 2014-15,Kharif     ,701.0,763,1.09,0.0,0.0,0.0,0.0,0.0,0.4,0.57,1.01,1.01,0.99,0.0,0.0
1,Bajra,Ahmadabad, 2014-15,Kharif     ,1825.0,2160,1.18,0.0,0.0,0.0,0.0,0.0,0.0,0.33,0.42,0.73,0.42,0.0,0.0
2,Castor seed,Ahmadabad, 2014-15,Kharif     ,47635.0,76488,1.61,1.7,1.7,0.0,0.0,0.0,0.0,0.0,0.35,0.35,1.15,1.15,0.55
3,Cotton(lint),Ahmadabad, 2014-15,Kharif     ,159044.0,266317,1.67,0.0,0.0,0.0,0.0,0.0,0.35,0.35,0.35,1.15,1.15,1.15,0.5
4,Groundnut,Ahmadabad, 2014-15,Kharif     ,74.0,150,2.03,0.0,0.0,0.0,0.0,0.0,0.4,0.4,1.15,1.15,0.6,0.0,0.0
5,Moong(Green Gram),Ahmadabad, 2014-15,Kharif     ,430.0,213,0.5,0.0,0.0,0.0,0.0,0.0,0.0,0.4,1.05,1.05,0.6,0.0,0.0
6,Moth,Ahmadabad, 2014-15,Kharif     ,970.0,713,0.74,0.0,0.0,0.0,0.0,0.0,0.4,1.15,1.15,0.35,0.0,0.0,0.0
7,Other Cereals,Ahmadabad, 2014-15,Kharif     ,50.0,28,0.56,0.0,0.0,0.0,0.0,0.0,0.3,1.15,1.15,0.4,0.0,0.0,0.0
8,Other Kharif pulses,Ahmadabad, 2014-15,Kharif     ,2640.0,1180,0.45,0.0,0.0,0.0,0.0,0.0,0.4,1.25,1.25,0.75,0.0,0.0,0.0
9,Rice,Ahmadabad, 2014-15,Kharif     ,116904.0,305692,2.61,0.0,0.0,0.0,0.0,0.0,0.0,1.05,1.05,1.2,1.2,0.9,0.0
10,Sesamum,Ahmadabad, 2014-15,Kharif     ,491.0,292,0.59,0.0,0.0,0.0,0.0,0.0,0.38,0.73,0.73,0.98,0.63,0.0,0.0
11,Urad,Ahmadabad, 2014-15,Kharif     ,15.0,11,0.73,0.0,0.0,0.0,0.0,0.0,0.0,0.4,0.4,1.13,0.4,0.0,0.0
12,Gram (channa),Ahmadabad, 2014-15,Rabi       ,23172.0,19476,0.84,1.05,0.35,0.0,0.0,0.0,0.0,0.0,0.0,0.0,0.5,0.5,1.05
13,Rapeseed &Mustard,Ahmadabad, 2014-15,Rabi       ,593.0,1079,1.82,1.28,0.66,0.0,0.0,0.0,0.0,0.0,0.0,0.0,0.0,0.23,1.28
14,Tobacco,Ahmadabad, 2014-15,Rabi       ,55.0,86,1.56,0.44,0.0,0.0,0.0,0.0,0.0,0.0,0.0,0.0,0.42,0.42,0.85
15,Wheat,Ahmadabad, 2014-15,Rabi       ,187637.0,365854,1.95,1.15,0.41,0.0,0.0,0.0,0.0,0.0,0.0,0.0,0.0,0.4,1.15
16,Bajra,Ahmadabad, 2014-15,Summer     ,1073.0,2966,2.76,0.0,0.33,0.42,0.73,0.42,0.0,0.0,0.0,0.0,0.0,0.0,0.0
17,Moong(Green Gram),Ahmadabad, 2014-15,Summer     ,267.0,155,0.58,0.0,0.4,0.4,1.05,0.6,0.0,0.0,0.0,0.0,0.0,0.0,0.0
18,Rice,Ahmadabad, 2014-15,Summer     ,8530.0,30715,3.6,1.05,1.05,1.2,1.2,0.9,0.0,0.0,0.0,0.0,0.0,0.0,0.0
19,Sesamum,Ahmadabad, 2014-15,Summer     ,151.0,75,0.5,0.0,0.0,0.0,0.0,0.0,0.35,1.1,0.25,0.0,0.0,0.0,0.0
20,Guar seed,Ahmadabad, 2014-15,Whole Year ,6227.0,4817,0.77,0.0,0.0,0.44,0.44,1.03,0.63,0.44,0.44,1.03,0.63,0.0,0.0
21,Potato,Ahmadabad, 2014-15,Whole Year ,1180.0,30289,25.67,1.15,1.15,0.75,0.0,0.0,0.0,0.0,0.0,0.0,0.0,0.5,0.5
22,Arhar/Tur,Anand, 2014-15,Kharif     ,563.0,612,1.09,0.0,0.0,0.0,0.0,0.0,0.4,0.57,1.01,1.01,0.99,0.0,0.0
23,Bajra,Anand, 2014-15,Kharif     ,14197.0,17779,1.25,0.0,0.0,0.0,0.0,0.0,0.0,0.33,0.42,0.73,0.42,0.0,0.0
24,Castor seed,Anand, 2014-15,Kharif     ,1817.0,4071,2.24,1.7,1.7,0.0,0.0,0.0,0.0,0.0,0.35,0.35,1.15,1.15,0.55
25,Cotton(lint),Anand, 2014-15,Kharif     ,5239.0,27127,5.18,0.0,0.0,0.0,0.0,0.0,0.35,0.35,0.35,1.15,1.15,1.15,0.5
26,Maize,Anand, 2014-15,Kharif     ,177.0,221,1.25,0.0,0.0,0.0,0.0,0.0,0.3,0.3,1.2,1.2,0.35,0.0,0.0
27,Moong(Green Gram),Anand, 2014-15,Kharif     ,331.0,164,0.5,0.0,0.0,0.0,0.0,0.0,0.0,0.4,1.05,1.05,0.6,0.0,0.0
28,Moth,Anand, 2014-15,Kharif     ,6.0,3,0.5,0.0,0.0,0.0,0.0,0.0,0.4,1.15,1.15,0.35,0.0,0.0,0.0
29,Other Cereals,Anand, 2014-15,Kharif     ,34.0,12,0.35,0.0,0.0,0.0,0.0,0.0,0.3,1.15,1.15,0.4,0.0,0.0,0.0
30,Rice,Anand, 2014-15,Kharif     ,110222.0,308578,2.8,0.0,0.0,0.0,0.0,0.0,0.0,1.05,1.05,1.2,1.2,0.9,0.0
31,Sesamum,Anand, 2014-15,Kharif     ,424.0,245,0.58,0.0,0.0,0.0,0.0,0.0,0.38,0.73,0.73,0.98,0.63,0.0,0.0
32,Tobacco,Anand, 2014-15,Kharif     ,12695.0,24977,1.97,0.0,0.0,0.0,0.0,0.0,0.0,0.43,0.84,0.44,0.0,0.0,0.0
33,Gram (channa),Anand, 2014-15,Rabi       ,2515.0,1853,0.74,1.05,0.35,0.0,0.0,0.0,0.0,0.0,0.0,0.0,0.5,0.5,1.05
34,Onion,Anand, 2014-15,Rabi       ,481.0,13410,27.88,1.0,0.96,0.0,0.0,0.0,0.0,0.0,0.0,0.0,0.0,0.51,0.77
35,Other  Rabi pulses,Anand, 2014-15,Rabi       ,30.0,23,0.77,1.15,0.35,0.0,0.0,0.0,0.0,0.0,0.0,0.0,0.0,0.4,1.15
36,Rapeseed &Mustard,Anand, 2014-15,Rabi       ,1369.0,1679,1.23,1.28,0.66,0.0,0.0,0.0,0.0,0.0,0.0,0.0,0.0,0.23,1.28
37,Small millets,Anand, 2014-15,Rabi       ,584.0,855,1.46,0.3,0.3,0.0,0.0,0.0,0.0,0.0,0.0,0.0,0.0,0.3,1.0
38,Tobacco,Anand, 2014-15,Rabi       ,64737.0,127370,1.97,0.44,0.0,0.0,0.0,0.0,0.0,0.0,0.0,0.0,0.42,0.42,0.85
39,Wheat,Anand, 2014-15,Rabi       ,65105.0,184970,2.84,1.15,0.41,0.0,0.0,0.0,0.0,0.0,0.0,0.0,0.0,0.4,1.15
40,Bajra,Anand, 2014-15,Summer     ,30979.0,92175,2.98,0.0,0.33,0.42,0.73,0.42,0.0,0.0,0.0,0.0,0.0,0.0,0.0
41,Groundnut,Anand, 2014-15,Summer     ,31.0,57,1.84,0.0,0.4,0.4,1.15,1.15,0.6,0.0,0.0,0.0,0.0,0.0,0.0
42,Maize,Anand, 2014-15,Summer     ,116.0,232,2.0,0.0,0.0,0.0,0.0,0.0,0.36,1.06,0.95,0.0,0.0,0.0,0.0
43,Moong(Green Gram),Anand, 2014-15,Summer     ,295.0,153,0.52,0.0,0.4,0.4,1.05,0.6,0.0,0.0,0.0,0.0,0.0,0.0,0.0
44,Rice,Anand, 2014-15,Summer     ,544.0,1746,3.21,1.05,1.05,1.2,1.2,0.9,0.0,0.0,0.0,0.0,0.0,0.0,0.0
45,Sesamum,Anand, 2014-15,Summer     ,2.0,1,0.5,0.0,0.0,0.0,0.0,0.0,0.35,1.1,0.25,0.0,0.0,0.0,0.0
46,Banana,Anand,ANAND,Whole Year ,11718.0,945441,80.68,1.1,1.0,1.0,1.0,1.2,1.2,1.2,1.2,1.2,1.1,1.1,1.1
47,Dry chillies,Anand, 2014-15,Whole Year ,2908.0,3100,1.07,0.52,0.8,0.8,1.05,1.05,1.05,0.78,0.0,0.0,0.0,0.0,0.0
48,Garlic,Anand, 2014-15,Whole Year ,324.0,1895,5.85,0.7,0.7,0.7,1.0,0.7,0.7,0.0,0.0,0.0,0.7,0.7,1.0
49,Guar seed,Anand, 2014-15,Whole Year ,364.0,282,0.77,0.0,0.0,0.44,0.44,1.03,0.63,0.44,0.44,1.03,0.63,0.0,0.0
50,Potato,Anand, 2014-15,Whole Year ,3392.0,68380,20.16,1.15,1.15,0.75,0.0,0.0,0.0,0.0,0.0,0.0,0.0,0.5,0.5
51,Arhar/Tur,Banas_Kantha, 2014-15,Kharif     ,708.0,951,1.34,0.0,0.0,0.0,0.0,0.0,0.4,0.57,1.01,1.01,0.99,0.0,0.0
52,Bajra,Banas_Kantha, 2014-15,Kharif     ,44059.0,62965,1.43,0.0,0.0,0.0,0.0,0.0,0.0,0.33,0.42,0.73,0.42,0.0,0.0
53,Castor seed,Banas_Kantha, 2014-15,Kharif     ,133166.0,358576,2.69,1.7,1.7,0.0,0.0,0.0,0.0,0.0,0.35,0.35,1.15,1.15,0.55
54,Cotton(lint),Banas_Kantha, 2014-15,Kharif     ,41391.0,131413,3.17,0.0,0.0,0.0,0.0,0.0,0.35,0.35,0.35,1.15,1.15,1.15,0.5
55,Groundnut,Banas_Kantha, 2014-15,Kharif     ,53486.0,98034,1.83,0.0,0.0,0.0,0.0,0.0,0.4,0.4,1.15,1.15,0.6,0.0,0.0
56,Jowar,Banas_Kantha, 2014-15,Kharif     ,6500.0,6351,0.98,0.0,0.0,0.0,0.0,0.0,0.4,0.73,1.1,1.1,0.78,0.0,0.0
57,Maize,Banas_Kantha, 2014-15,Kharif     ,8137.0,13809,1.7,0.0,0.0,0.0,0.0,0.0,0.3,0.3,1.2,1.2,0.35,0.0,0.0
58,Moong(Green Gram),Banas_Kantha, 2014-15,Kharif     ,9142.0,5738,0.63,0.0,0.0,0.0,0.0,0.0,0.0,0.4,1.05,1.05,0.6,0.0,0.0
59,Moth,Banas_Kantha, 2014-15,Kharif     ,620.0,508,0.82,0.0,0.0,0.0,0.0,0.0,0.4,1.15,1.15,0.35,0.0,0.0,0.0
60,Other Cereals,Banas_Kantha, 2014-15,Kharif     ,890.0,648,0.73,0.0,0.0,0.0,0.0,0.0,0.3,1.15,1.15,0.4,0.0,0.0,0.0
61,Other Kharif pulses,Banas_Kantha, 2014-15,Kharif     ,1020.0,484,0.47,0.0,0.0,0.0,0.0,0.0,0.4,1.25,1.25,0.75,0.0,0.0,0.0
62,Sesamum,Banas_Kantha, 2014-15,Kharif     ,12033.0,6902,0.57,0.0,0.0,0.0,0.0,0.0,0.38,0.73,0.73,0.98,0.63,0.0,0.0
63,Urad,Banas_Kantha, 2014-15,Kharif     ,803.0,553,0.69,0.0,0.0,0.0,0.0,0.0,0.0,0.4,0.4,1.13,0.4,0.0,0.0
64,Gram (channa),Banas_Kantha, 2014-15,Rabi       ,15.0,15,1.0,1.05,0.35,0.0,0.0,0.0,0.0,0.0,0.0,0.0,0.5,0.5,1.05
65,Maize,Banas_Kantha, 2014-15,Rabi       ,345.0,847,2.46,1.2,0.35,0.0,0.0,0.0,0.0,0.0,0.0,0.0,0.0,0.3,1.2
66,Onion,Banas_Kantha, 2014-15,Rabi       ,6.0,167,27.83,1.0,0.96,0.0,0.0,0.0,0.0,0.0,0.0,0.0,0.0,0.51,0.77
67,Rapeseed &Mustard,Banas_Kantha, 2014-15,Rabi       ,122520.0,234859,1.92,1.28,0.66,0.0,0.0,0.0,0.0,0.0,0.0,0.0,0.0,0.23,1.28
68,Small millets,Banas_Kantha, 2014-15,Rabi       ,3615.0,5208,1.44,0.3,0.3,0.0,0.0,0.0,0.0,0.0,0.0,0.0,0.0,0.3,1.0
69,Tobacco,Banas_Kantha, 2014-15,Rabi       ,6760.0,10554,1.56,0.44,0.0,0.0,0.0,0.0,0.0,0.0,0.0,0.0,0.42,0.42,0.85
70,Wheat,Banas_Kantha, 2014-15,Rabi       ,88025.0,272842,3.1,1.15,0.41,0.0,0.0,0.0,0.0,0.0,0.0,0.0,0.0,0.4,1.15
71,Bajra,Banas_Kantha, 2014-15,Summer     ,142497.0,365419,2.56,0.0,0.33,0.42,0.73,0.42,0.0,0.0,0.0,0.0,0.0,0.0,0.0
72,Groundnut,Banas_Kantha, 2014-15,Summer     ,6502.0,10836,1.67,0.0,0.4,0.4,1.15,1.15,0.6,0.0,0.0,0.0,0.0,0.0,0.0
73,Moong(Green Gram),Banas_Kantha, 2014-15,Summer     ,1255.0,734,0.58,0.0,0.4,0.4,1.05,0.6,0.0,0.0,0.0,0.0,0.0,0.0,0.0
74,Dry chillies,Banas_Kantha, 2014-15,Whole Year ,140.0,128,0.91,0.52,0.8,0.8,1.05,1.05,1.05,0.78,0.0,0.0,0.0,0.0,0.0
75,Garlic,Banas_Kantha, 2014-15,Whole Year ,1.0,6,6.0,0.7,0.7,0.7,1.0,0.7,0.7,0.0,0.0,0.0,0.7,0.7,1.0
76,Guar seed,Banas_Kantha, 2014-15,Whole Year ,75896.0,81398,1.07,0.0,0.0,0.44,0.44,1.03,0.63,0.44,0.44,1.03,0.63,0.0,0.0
77,Potato,Banas_Kantha, 2014-15,Whole Year ,52835.0,1343251,25.42,1.15,1.15,0.75,0.0,0.0,0.0,0.0,0.0,0.0,0.0,0.5,0.5
78,Arhar/Tur,Bharuch, 2014-15,Kharif     ,63965.0,54191,0.85,0.0,0.0,0.0,0.0,0.0,0.4,0.57,1.01,1.01,0.99,0.0,0.0
79,Bajra,Bharuch, 2014-15,Kharif     ,120.0,196,1.63,0.0,0.0,0.0,0.0,0.0,0.0,0.33,0.42,0.73,0.42,0.0,0.0
80,Castor seed,Bharuch, 2014-15,Kharif     ,3550.0,4791,1.35,1.7,1.7,0.0,0.0,0.0,0.0,0.0,0.35,0.35,1.15,1.15,0.55
81,Cotton(lint),Bharuch, 2014-15,Kharif     ,99570.0,228811,2.3,0.0,0.0,0.0,0.0,0.0,0.35,0.35,0.35,1.15,1.15,1.15,0.5
82,Groundnut,Bharuch, 2014-15,Kharif     ,125.0,254,2.03,0.0,0.0,0.0,0.0,0.0,0.4,0.4,1.15,1.15,0.6,0.0,0.0
83,Jowar,Bharuch, 2014-15,Kharif     ,1000.0,1238,1.24,0.0,0.0,0.0,0.0,0.0,0.4,0.73,1.1,1.1,0.78,0.0,0.0
84,Maize,Bharuch, 2014-15,Kharif     ,195.0,243,1.25,0.0,0.0,0.0,0.0,0.0,0.3,0.3,1.2,1.2,0.35,0.0,0.0
85,Moong(Green Gram),Bharuch, 2014-15,Kharif     ,1310.0,1591,1.21,0.0,0.0,0.0,0.0,0.0,0.0,0.4,1.05,1.05,0.6,0.0,0.0
86,Moth,Bharuch, 2014-15,Kharif     ,250.0,108,0.43,0.0,0.0,0.0,0.0,0.0,0.4,1.15,1.15,0.35,0.0,0.0,0.0
87,Other Cereals,Bharuch, 2014-15,Kharif     ,100.0,66,0.66,0.0,0.0,0.0,0.0,0.0,0.3,1.15,1.15,0.4,0.0,0.0,0.0
88,Other Kharif pulses,Bharuch, 2014-15,Kharif     ,290.0,159,0.55,0.0,0.0,0.0,0.0,0.0,0.4,1.25,1.25,0.75,0.0,0.0,0.0
89,Rice,Bharuch, 2014-15,Kharif     ,8225.0,15762,1.92,0.0,0.0,0.0,0.0,0.0,0.0,1.05,1.05,1.2,1.2,0.9,0.0
90,Sesamum,Bharuch, 2014-15,Kharif     ,150.0,21,0.14,0.0,0.0,0.0,0.0,0.0,0.38,0.73,0.73,0.98,0.63,0.0,0.0
91,Urad,Bharuch, 2014-15,Kharif     ,975.0,651,0.67,0.0,0.0,0.0,0.0,0.0,0.0,0.4,0.4,1.13,0.4,0.0,0.0
92,Gram (channa),Bharuch, 2014-15,Rabi       ,1860.0,557,0.3,1.05,0.35,0.0,0.0,0.0,0.0,0.0,0.0,0.0,0.5,0.5,1.05
93,Jowar,Bharuch, 2014-15,Rabi       ,4800.0,4128,0.86,0.78,0.0,0.0,0.0,0.0,0.0,0.0,0.0,0.0,0.4,0.73,1.1
94,Other  Rabi pulses,Bharuch, 2014-15,Rabi       ,4010.0,3053,0.76,1.15,0.35,0.0,0.0,0.0,0.0,0.0,0.0,0.0,0.0,0.4,1.15
95,Rapeseed &Mustard,Bharuch, 2014-15,Rabi       ,245.0,446,1.82,1.28,0.66,0.0,0.0,0.0,0.0,0.0,0.0,0.0,0.0,0.23,1.28
96,Wheat,Bharuch, 2014-15,Rabi       ,29300.0,47313,1.61,1.15,0.41,0.0,0.0,0.0,0.0,0.0,0.0,0.0,0.0,0.4,1.15
97,Bajra,Bharuch, 2014-15,Summer     ,315.0,578,1.83,0.0,0.33,0.42,0.73,0.42,0.0,0.0,0.0,0.0,0.0,0.0,0.0
98,Groundnut,Bharuch, 2014-15,Summer     ,406.0,840,2.07,0.0,0.4,0.4,1.15,1.15,0.6,0.0,0.0,0.0,0.0,0.0,0.0
99,Moong(Green Gram),Bharuch, 2014-15,Summer     ,800.0,418,0.52,0.0,0.4,0.4,1.05,0.6,0.0,0.0,0.0,0.0,0.0,0.0,0.0
100,Rice,Bharuch, 2014-15,Summer     ,1680.0,5393,3.21,1.05,1.05,1.2,1.2,0.9,0.0,0.0,0.0,0.0,0.0,0.0,0.0
101,Banana,Bharuch, 2014-15,Whole Year ,7650.0,526072,68.77,1.1,1.0,1.0,1.0,1.2,1.2,1.2,1.2,1.2,1.1,1.1,1.1
102,Sugarcane,Bharuch, 2014-15,Whole Year ,36425.0,2396401,65.79,0.4,0.4,1.25,1.25,1.2,1.2,1.2,1.2,1.2,1.2,0.75,0.75
103,Arhar/Tur,Bhavnagar, 2014-15,Kharif     ,704.0,766,1.09,0.0,0.0,0.0,0.0,0.0,0.4,0.57,1.01,1.01,0.99,0.0,0.0
104,Bajra,Bhavnagar, 2014-15,Kharif     ,37149.0,87586,2.36,0.0,0.0,0.0,0.0,0.0,0.0,0.33,0.42,0.73,0.42,0.0,0.0
105,Castor seed,Bhavnagar, 2014-15,Kharif     ,1027.0,2304,2.24,1.7,1.7,0.0,0.0,0.0,0.0,0.0,0.35,0.35,1.15,1.15,0.55
106,Cotton(lint),Bhavnagar, 2014-15,Kharif     ,210765.0,561520,2.66,0.0,0.0,0.0,0.0,0.0,0.35,0.35,0.35,1.15,1.15,1.15,0.5
107,Groundnut,Bhavnagar, 2014-15,Kharif     ,63714.0,118432,1.86,0.0,0.0,0.0,0.0,0.0,0.4,0.4,1.15,1.15,0.6,0.0,0.0
108,Jowar,Bhavnagar, 2014-15,Kharif     ,30.0,37,1.23,0.0,0.0,0.0,0.0,0.0,0.4,0.73,1.1,1.1,0.78,0.0,0.0
109,Maize,Bhavnagar, 2014-15,Kharif     ,1126.0,1406,1.25,0.0,0.0,0.0,0.0,0.0,0.3,0.3,1.2,1.2,0.35,0.0,0.0
110,Moong(Green Gram),Bhavnagar, 2014-15,Kharif     ,2950.0,1458,0.49,0.0,0.0,0.0,0.0,0.0,0.0,0.4,1.05,1.05,0.6,0.0,0.0
111,Moth,Bhavnagar, 2014-15,Kharif     ,996.0,430,0.43,0.0,0.0,0.0,0.0,0.0,0.4,1.15,1.15,0.35,0.0,0.0,0.0
112,Other Cereals,Bhavnagar, 2014-15,Kharif     ,5.0,3,0.6,0.0,0.0,0.0,0.0,0.0,0.3,1.15,1.15,0.4,0.0,0.0,0.0
113,Sesamum,Bhavnagar, 2014-15,Kharif     ,5639.0,5880,1.04,0.0,0.0,0.0,0.0,0.0,0.38,0.73,0.73,0.98,0.63,0.0,0.0
114,Urad,Bhavnagar, 2014-15,Kharif     ,1894.0,1331,0.7,0.0,0.0,0.0,0.0,0.0,0.0,0.4,0.4,1.13,0.4,0.0,0.0
115,Gram (channa),Bhavnagar, 2014-15,Rabi       ,583.0,596,1.02,1.05,0.35,0.0,0.0,0.0,0.0,0.0,0.0,0.0,0.5,0.5,1.05
116,Jowar,Bhavnagar, 2014-15,Rabi       ,575.0,819,1.42,0.78,0.0,0.0,0.0,0.0,0.0,0.0,0.0,0.0,0.4,0.73,1.1
117,Maize,Bhavnagar, 2014-15,Rabi       ,202.0,369,1.83,1.2,0.35,0.0,0.0,0.0,0.0,0.0,0.0,0.0,0.0,0.3,1.2
118,Onion,Bhavnagar, 2014-15,Rabi       ,21340.0,587529,27.53,1.0,0.96,0.0,0.0,0.0,0.0,0.0,0.0,0.0,0.0,0.51,0.77
119,Other  Rabi pulses,Bhavnagar, 2014-15,Rabi       ,36.0,12,0.33,1.15,0.35,0.0,0.0,0.0,0.0,0.0,0.0,0.0,0.0,0.4,1.15
120,Rapeseed &Mustard,Bhavnagar, 2014-15,Rabi       ,47.0,85,1.81,1.28,0.66,0.0,0.0,0.0,0.0,0.0,0.0,0.0,0.0,0.23,1.28
121,Wheat,Bhavnagar, 2014-15,Rabi       ,5494.0,15786,2.87,1.15,0.41,0.0,0.0,0.0,0.0,0.0,0.0,0.0,0.0,0.4,1.15
122,Bajra,Bhavnagar, 2014-15,Summer     ,234.0,707,3.02,0.0,0.33,0.42,0.73,0.42,0.0,0.0,0.0,0.0,0.0,0.0,0.0
123,Groundnut,Bhavnagar, 2014-15,Summer     ,4850.0,8346,1.72,0.0,0.4,0.4,1.15,1.15,0.6,0.0,0.0,0.0,0.0,0.0,0.0
124,Moong(Green Gram),Bhavnagar, 2014-15,Summer     ,1936.0,1087,0.56,0.0,0.4,0.4,1.05,0.6,0.0,0.0,0.0,0.0,0.0,0.0,0.0
125,Onion,Bhavnagar, 2014-15,Summer     ,7530.0,215274,28.59,0.0,0.0,0.51,0.77,1.0,0.96,0.0,0.0,0.0,0.0,0.0,0.0
126,Sesamum,Bhavnagar, 2014-15,Summer     ,2835.0,1060,0.37,0.0,0.0,0.0,0.0,0.0,0.35,1.1,0.25,0.0,0.0,0.0,0.0
127,Banana,Bhavnagar, 2014-15,Whole Year ,20.0,1475,73.75,1.1,1.0,1.0,1.0,1.2,1.2,1.2,1.2,1.2,1.1,1.1,1.1
128,Dry chillies,Bhavnagar, 2014-15,Whole Year ,58.0,57,0.98,0.52,0.8,0.8,1.05,1.05,1.05,0.78,0.0,0.0,0.0,0.0,0.0
129,Garlic,Bhavnagar, 2014-15,Whole Year ,62.0,363,5.85,0.7,0.7,0.7,1.0,0.7,0.7,0.0,0.0,0.0,0.7,0.7,1.0
130,Guar seed,Bhavnagar, 2014-15,Whole Year ,432.0,334,0.77,0.0,0.0,0.44,0.44,1.03,0.63,0.44,0.44,1.03,0.63,0.0,0.0
131,Sugarcane,Bhavnagar, 2014-15,Whole Year ,41.0,2885,70.37,0.4,0.4,1.25,1.25,1.2,1.2,1.2,1.2,1.2,1.2,0.75,0.75
132,Arhar/Tur,Batod, 2014-15,Kharif     ,82.0,89,1.09,0.0,0.0,0.0,0.0,0.0,0.4,0.57,1.01,1.01,0.99,0.0,0.0
133,Bajra,Batod, 2014-15,Kharif     ,721.0,1824,2.53,0.0,0.0,0.0,0.0,0.0,0.0,0.33,0.42,0.73,0.42,0.0,0.0
134,Castor seed,Batod, 2014-15,Kharif     ,205.0,592,2.89,1.7,1.7,0.0,0.0,0.0,0.0,0.0,0.35,0.35,1.15,1.15,0.55
135,Cotton(lint),Batod, 2014-15,Kharif     ,169914.0,411669,2.42,0.0,0.0,0.0,0.0,0.0,0.35,0.35,0.35,1.15,1.15,1.15,0.5
136,Groundnut,Batod, 2014-15,Kharif     ,108.0,312,2.89,0.0,0.0,0.0,0.0,0.0,0.4,0.4,1.15,1.15,0.6,0.0,0.0
137,Moong(Green Gram),Batod, 2014-15,Kharif     ,174.0,86,0.49,0.0,0.0,0.0,0.0,0.0,0.0,0.4,1.05,1.05,0.6,0.0,0.0
138,Moth,Batod, 2014-15,Kharif     ,35.0,15,0.43,0.0,0.0,0.0,0.0,0.0,0.4,1.15,1.15,0.35,0.0,0.0,0.0
139,Other Cereals,Batod, 2014-15,Kharif     ,169.0,96,0.57,0.0,0.0,0.0,0.0,0.0,0.3,1.15,1.15,0.4,0.0,0.0,0.0
140,Sesamum,Batod, 2014-15,Kharif     ,6159.0,5364,0.87,0.0,0.0,0.0,0.0,0.0,0.38,0.73,0.73,0.98,0.63,0.0,0.0
141,Urad,Batod, 2014-15,Kharif     ,75.0,53,0.71,0.0,0.0,0.0,0.0,0.0,0.0,0.4,0.4,1.13,0.4,0.0,0.0
142,Gram (channa),Batod, 2014-15,Rabi       ,70.0,40,0.57,1.05,0.35,0.0,0.0,0.0,0.0,0.0,0.0,0.0,0.5,0.5,1.05
143,Onion,Batod, 2014-15,Rabi       ,50.0,1394,27.88,1.0,0.96,0.0,0.0,0.0,0.0,0.0,0.0,0.0,0.0,0.51,0.77
144,Wheat,Batod, 2014-15,Rabi       ,7155.0,11826,1.65,1.15,0.41,0.0,0.0,0.0,0.0,0.0,0.0,0.0,0.0,0.4,1.15
145,Bajra,Batod, 2014-15,Summer     ,82.0,215,2.62,0.0,0.33,0.42,0.73,0.42,0.0,0.0,0.0,0.0,0.0,0.0,0.0
146,Groundnut,Batod, 2014-15,Summer     ,3.0,6,2.0,0.0,0.4,0.4,1.15,1.15,0.6,0.0,0.0,0.0,0.0,0.0,0.0
147,Sesamum,Batod, 2014-15,Summer     ,57.0,25,0.44,0.0,0.0,0.0,0.0,0.0,0.35,1.1,0.25,0.0,0.0,0.0,0.0
148,Garlic,Batod, 2014-15,Whole Year ,5.0,29,5.8,0.7,0.7,0.7,1.0,0.7,0.7,0.0,0.0,0.0,0.7,0.7,1.0
149,Guar seed,Batod, 2014-15,Whole Year ,185.0,143,0.77,0.0,0.0,0.44,0.44,1.03,0.63,0.44,0.44,1.03,0.63,0.0,0.0
150,Arhar/Tur,Chhota_Udaipur, 2014-15,Kharif     ,22180.0,38458,1.73,0.0,0.0,0.0,0.0,0.0,0.4,0.57,1.01,1.01,0.99,0.0,0.0
151,Castor seed,Chhota_Udaipur, 2014-15,Kharif     ,1463.0,3179,2.17,1.7,1.7,0.0,0.0,0.0,0.0,0.0,0.35,0.35,1.15,1.15,0.55
152,Cotton(lint),Chhota_Udaipur, 2014-15,Kharif     ,84520.0,402043,4.76,0.0,0.0,0.0,0.0,0.0,0.35,0.35,0.35,1.15,1.15,1.15,0.5
153,Groundnut,Chhota_Udaipur, 2014-15,Kharif     ,430.0,872,2.03,0.0,0.0,0.0,0.0,0.0,0.4,0.4,1.15,1.15,0.6,0.0,0.0
154,Jowar,Chhota_Udaipur, 2014-15,Kharif     ,22.0,35,1.59,0.0,0.0,0.0,0.0,0.0,0.4,0.73,1.1,1.1,0.78,0.0,0.0
155,Maize,Chhota_Udaipur, 2014-15,Kharif     ,28282.0,60656,2.14,0.0,0.0,0.0,0.0,0.0,0.3,0.3,1.2,1.2,0.35,0.0,0.0
156,Moong(Green Gram),Chhota_Udaipur, 2014-15,Kharif     ,207.0,102,0.49,0.0,0.0,0.0,0.0,0.0,0.0,0.4,1.05,1.05,0.6,0.0,0.0
157,Other Kharif pulses,Chhota_Udaipur, 2014-15,Kharif     ,30.0,14,0.47,0.0,0.0,0.0,0.0,0.0,0.4,1.25,1.25,0.75,0.0,0.0,0.0
158,Rice,Chhota_Udaipur, 2014-15,Kharif     ,18541.0,25944,1.4,0.0,0.0,0.0,0.0,0.0,0.0,1.05,1.05,1.2,1.2,0.9,0.0
159,Sesamum,Chhota_Udaipur, 2014-15,Kharif     ,117.0,68,0.58,0.0,0.0,0.0,0.0,0.0,0.38,0.73,0.73,0.98,0.63,0.0,0.0
160,Soyabean,Chhota_Udaipur, 2014-15,Kharif     ,282.0,240,0.85,0.0,0.0,0.0,0.0,0.0,0.4,0.4,1.15,1.15,0.5,0.0,0.0
161,Urad,Chhota_Udaipur, 2014-15,Kharif     ,9885.0,7516,0.76,0.0,0.0,0.0,0.0,0.0,0.0,0.4,0.4,1.13,0.4,0.0,0.0
162,Gram (channa),Chhota_Udaipur, 2014-15,Rabi       ,222.0,227,1.02,1.05,0.35,0.0,0.0,0.0,0.0,0.0,0.0,0.0,0.5,0.5,1.05
163,Jowar,Chhota_Udaipur, 2014-15,Rabi       ,90.0,95,1.06,0.78,0.0,0.0,0.0,0.0,0.0,0.0,0.0,0.0,0.4,0.73,1.1
164,Maize,Chhota_Udaipur, 2014-15,Rabi       ,44000.0,101934,2.32,1.2,0.35,0.0,0.0,0.0,0.0,0.0,0.0,0.0,0.0,0.3,1.2
165,Onion,Chhota_Udaipur, 2014-15,Rabi       ,10.0,279,27.9,1.0,0.96,0.0,0.0,0.0,0.0,0.0,0.0,0.0,0.0,0.51,0.77
166,Other  Rabi pulses,Chhota_Udaipur, 2014-15,Rabi       ,55.0,39,0.71,1.15,0.35,0.0,0.0,0.0,0.0,0.0,0.0,0.0,0.0,0.4,1.15
167,Rapeseed &Mustard,Chhota_Udaipur, 2014-15,Rabi       ,20.0,36,1.8,1.28,0.66,0.0,0.0,0.0,0.0,0.0,0.0,0.0,0.0,0.23,1.28
168,Small millets,Chhota_Udaipur, 2014-15,Rabi       ,2785.0,2435,0.87,0.3,0.3,0.0,0.0,0.0,0.0,0.0,0.0,0.0,0.0,0.3,1.0
169,Wheat,Chhota_Udaipur, 2014-15,Rabi       ,661.0,2102,3.18,1.15,0.41,0.0,0.0,0.0,0.0,0.0,0.0,0.0,0.0,0.4,1.15
170,Bajra,Chhota_Udaipur, 2014-15,Summer     ,33.0,87,2.64,0.0,0.33,0.42,0.73,0.42,0.0,0.0,0.0,0.0,0.0,0.0,0.0
171,Groundnut,Chhota_Udaipur, 2014-15,Summer     ,2185.0,3567,1.63,0.0,0.4,0.4,1.15,1.15,0.6,0.0,0.0,0.0,0.0,0.0,0.0
172,Maize,Chhota_Udaipur, 2014-15,Summer     ,1156.0,2538,2.2,0.0,0.0,0.0,0.0,0.0,0.36,1.06,0.95,0.0,0.0,0.0,0.0
173,Moong(Green Gram),Chhota_Udaipur, 2014-15,Summer     ,105.0,67,0.64,0.0,0.4,0.4,1.05,0.6,0.0,0.0,0.0,0.0,0.0,0.0,0.0
174,Onion,Chhota_Udaipur, 2014-15,Summer     ,10.0,176,17.6,0.0,0.0,0.51,0.77,1.0,0.96,0.0,0.0,0.0,0.0,0.0,0.0
175,Sesamum,Chhota_Udaipur, 2014-15,Summer     ,408.0,192,0.47,0.0,0.0,0.0,0.0,0.0,0.35,1.1,0.25,0.0,0.0,0.0,0.0
176,Banana,Chhota_Udaipur, 2014-15,Whole Year ,1120.0,84142,75.13,1.1,1.0,1.0,1.0,1.2,1.2,1.2,1.2,1.2,1.1,1.1,1.1
177,Dry chillies,Chhota_Udaipur, 2014-15,Whole Year ,265.0,225,0.85,0.52,0.8,0.8,1.05,1.05,1.05,0.78,0.0,0.0,0.0,0.0,0.0
178,Garlic,Chhota_Udaipur, 2014-15,Whole Year ,10.0,58,5.8,0.7,0.7,0.7,1.0,0.7,0.7,0.0,0.0,0.0,0.7,0.7,1.0
179,Guar seed,Chhota_Udaipur, 2014-15,Whole Year ,105.0,81,0.77,0.0,0.0,0.44,0.44,1.03,0.63,0.44,0.44,1.03,0.63,0.0,0.0
180,Arhar/Tur,Gandhinagar, 2014-15,Kharif     ,290.0,315,1.09,0.0,0.0,0.0,0.0,0.0,0.4,0.57,1.01,1.01,0.99,0.0,0.0
181,Bajra,Gandhinagar, 2014-15,Kharif     ,2790.0,4065,1.46,0.0,0.0,0.0,0.0,0.0,0.0,0.33,0.42,0.73,0.42,0.0,0.0
182,Castor seed,Gandhinagar, 2014-15,Kharif     ,29304.0,74356,2.54,1.7,1.7,0.0,0.0,0.0,0.0,0.0,0.35,0.35,1.15,1.15,0.55
183,Cotton(lint),Gandhinagar, 2014-15,Kharif     ,31139.0,123851,3.98,0.0,0.0,0.0,0.0,0.0,0.35,0.35,0.35,1.15,1.15,1.15,0.5
184,Groundnut,Gandhinagar, 2014-15,Kharif     ,3239.0,11923,3.68,0.0,0.0,0.0,0.0,0.0,0.4,0.4,1.15,1.15,0.6,0.0,0.0
185,Jowar,Gandhinagar, 2014-15,Kharif     ,40.0,30,0.75,0.0,0.0,0.0,0.0,0.0,0.4,0.73,1.1,1.1,0.78,0.0,0.0
186,Moong(Green Gram),Gandhinagar, 2014-15,Kharif     ,1603.0,1400,0.87,0.0,0.0,0.0,0.0,0.0,0.0,0.4,1.05,1.05,0.6,0.0,0.0
187,Other Kharif pulses,Gandhinagar, 2014-15,Kharif     ,918.0,391,0.43,0.0,0.0,0.0,0.0,0.0,0.4,1.25,1.25,0.75,0.0,0.0,0.0
188,Rice,Gandhinagar, 2014-15,Kharif     ,8414.0,19160,2.28,0.0,0.0,0.0,0.0,0.0,0.0,1.05,1.05,1.2,1.2,0.9,0.0
189,Sesamum,Gandhinagar, 2014-15,Kharif     ,427.0,172,0.4,0.0,0.0,0.0,0.0,0.0,0.38,0.73,0.73,0.98,0.63,0.0,0.0
190,Tobacco,Gandhinagar, 2014-15,Kharif     ,22.0,40,1.82,0.0,0.0,0.0,0.0,0.0,0.0,0.43,0.84,0.44,0.0,0.0,0.0
191,Urad,Gandhinagar, 2014-15,Kharif     ,364.0,256,0.7,0.0,0.0,0.0,0.0,0.0,0.0,0.4,0.4,1.13,0.4,0.0,0.0
192,Maize,Gandhinagar, 2014-15,Rabi       ,12.0,19,1.58,1.2,0.35,0.0,0.0,0.0,0.0,0.0,0.0,0.0,0.0,0.3,1.2
193,Rapeseed &Mustard,Gandhinagar, 2014-15,Rabi       ,1475.0,2095,1.42,1.28,0.66,0.0,0.0,0.0,0.0,0.0,0.0,0.0,0.0,0.23,1.28
194,Tobacco,Gandhinagar, 2014-15,Rabi       ,967.0,1510,1.56,0.44,0.0,0.0,0.0,0.0,0.0,0.0,0.0,0.0,0.42,0.42,0.85
195,Wheat,Gandhinagar, 2014-15,Rabi       ,30924.0,108095,3.5,1.15,0.41,0.0,0.0,0.0,0.0,0.0,0.0,0.0,0.0,0.4,1.15
196,Bajra,Gandhinagar, 2014-15,Summer     ,11489.0,32836,2.86,0.0,0.33,0.42,0.73,0.42,0.0,0.0,0.0,0.0,0.0,0.0,0.0
197,Groundnut,Gandhinagar, 2014-15,Summer     ,168.0,309,1.84,0.0,0.4,0.4,1.15,1.15,0.6,0.0,0.0,0.0,0.0,0.0,0.0
198,Moong(Green Gram),Gandhinagar, 2014-15,Summer     ,328.0,167,0.51,0.0,0.4,0.4,1.05,0.6,0.0,0.0,0.0,0.0,0.0,0.0,0.0
199,Rice,Gandhinagar, 2014-15,Summer     ,5.0,16,3.2,1.05,1.05,1.2,1.2,0.9,0.0,0.0,0.0,0.0,0.0,0.0,0.0
200,Sesamum,Gandhinagar, 2014-15,Summer     ,4.0,2,0.5,0.0,0.0,0.0,0.0,0.0,0.35,1.1,0.25,0.0,0.0,0.0,0.0
201,Guar seed,Gandhinagar, 2014-15,Whole Year ,6785.0,5248,0.77,0.0,0.0,0.44,0.44,1.03,0.63,0.44,0.44,1.03,0.63,0.0,0.0
202,Potato,Gandhinagar, 2014-15,Whole Year ,8465.0,245281,28.98,1.15,1.15,0.75,0.0,0.0,0.0,0.0,0.0,0.0,0.0,0.5,0.5
203,Bajra,Kachchh, 2014-15,Kharif     ,8550.0,8907,1.04,0.0,0.0,0.0,0.0,0.0,0.0,0.33,0.42,0.73,0.42,0.0,0.0
204,Castor seed,Kachchh, 2014-15,Kharif     ,92847.0,175843,1.89,1.7,1.7,0.0,0.0,0.0,0.0,0.0,0.35,0.35,1.15,1.15,0.55
205,Cotton(lint),Kachchh, 2014-15,Kharif     ,56683.0,303116,5.35,0.0,0.0,0.0,0.0,0.0,0.35,0.35,0.35,1.15,1.15,1.15,0.5
206,Groundnut,Kachchh, 2014-15,Kharif     ,26101.0,58046,2.22,0.0,0.0,0.0,0.0,0.0,0.4,0.4,1.15,1.15,0.6,0.0,0.0
207,Maize,Kachchh, 2014-15,Kharif     ,40.0,50,1.25,0.0,0.0,0.0,0.0,0.0,0.3,0.3,1.2,1.2,0.35,0.0,0.0
208,Moong(Green Gram),Kachchh, 2014-15,Kharif     ,38653.0,15859,0.41,0.0,0.0,0.0,0.0,0.0,0.0,0.4,1.05,1.05,0.6,0.0,0.0
209,Moth,Kachchh, 2014-15,Kharif     ,4694.0,1319,0.28,0.0,0.0,0.0,0.0,0.0,0.4,1.15,1.15,0.35,0.0,0.0,0.0
210,Other Kharif pulses,Kachchh, 2014-15,Kharif     ,5.0,2,0.4,0.0,0.0,0.0,0.0,0.0,0.4,1.25,1.25,0.75,0.0,0.0,0.0
211,Sesamum,Kachchh, 2014-15,Kharif     ,31584.0,16357,0.52,0.0,0.0,0.0,0.0,0.0,0.38,0.73,0.73,0.98,0.63,0.0,0.0
212,Tobacco,Kachchh, 2014-15,Kharif     ,890.0,1624,1.82,0.0,0.0,0.0,0.0,0.0,0.0,0.43,0.84,0.44,0.0,0.0,0.0
213,Urad,Kachchh, 2014-15,Kharif     ,15.0,11,0.73,0.0,0.0,0.0,0.0,0.0,0.0,0.4,0.4,1.13,0.4,0.0,0.0
214,Arhar/Tur,Kheda, 2014-15,Kharif     ,655.0,713,1.09,0.0,0.0,0.0,0.0,0.0,0.4,0.57,1.01,1.01,0.99,0.0,0.0
215,Bajra,Kheda, 2014-15,Kharif     ,22786.0,30622,1.34,0.0,0.0,0.0,0.0,0.0,0.0,0.33,0.42,0.73,0.42,0.0,0.0
216,Castor seed,Kheda, 2014-15,Kharif     ,12607.0,22531,1.79,1.7,1.7,0.0,0.0,0.0,0.0,0.0,0.35,0.35,1.15,1.15,0.55
217,Cotton(lint),Kheda, 2014-15,Kharif     ,24656.0,87163,3.54,0.0,0.0,0.0,0.0,0.0,0.35,0.35,0.35,1.15,1.15,1.15,0.5
218,Groundnut,Kheda, 2014-15,Kharif     ,325.0,659,2.03,0.0,0.0,0.0,0.0,0.0,0.4,0.4,1.15,1.15,0.6,0.0,0.0
219,Maize,Kheda, 2014-15,Kharif     ,233.0,378,1.62,0.0,0.0,0.0,0.0,0.0,0.3,0.3,1.2,1.2,0.35,0.0,0.0
220,Moong(Green Gram),Kheda, 2014-15,Kharif     ,768.0,380,0.49,0.0,0.0,0.0,0.0,0.0,0.0,0.4,1.05,1.05,0.6,0.0,0.0
221,Moth,Kheda, 2014-15,Kharif     ,290.0,125,0.43,0.0,0.0,0.0,0.0,0.0,0.4,1.15,1.15,0.35,0.0,0.0,0.0
222,Other Kharif pulses,Kheda, 2014-15,Kharif     ,251.0,126,0.5,0.0,0.0,0.0,0.0,0.0,0.4,1.25,1.25,0.75,0.0,0.0,0.0
223,Rice,Kheda, 2014-15,Kharif     ,98831.0,253080,2.56,0.0,0.0,0.0,0.0,0.0,0.0,1.05,1.05,1.2,1.2,0.9,0.0
224,Sesamum,Kheda, 2014-15,Kharif     ,503.0,291,0.58,0.0,0.0,0.0,0.0,0.0,0.38,0.73,0.73,0.98,0.63,0.0,0.0
225,Soyabean,Kheda, 2014-15,Kharif     ,5.0,4,0.8,0.0,0.0,0.0,0.0,0.0,0.4,0.4,1.15,1.15,0.5,0.0,0.0
226,Tobacco,Kheda, 2014-15,Kharif     ,32778.0,61229,1.87,0.0,0.0,0.0,0.0,0.0,0.0,0.43,0.84,0.44,0.0,0.0,0.0
227,Urad,Kheda, 2014-15,Kharif     ,84.0,59,0.7,0.0,0.0,0.0,0.0,0.0,0.0,0.4,0.4,1.13,0.4,0.0,0.0
228,Gram (channa),Kheda, 2014-15,Rabi       ,401.0,410,1.02,1.05,0.35,0.0,0.0,0.0,0.0,0.0,0.0,0.0,0.5,0.5,1.05
229,Jowar,Kheda, 2014-15,Rabi       ,500.0,712,1.42,0.78,0.0,0.0,0.0,0.0,0.0,0.0,0.0,0.0,0.4,0.73,1.1
230,Onion,Kheda, 2014-15,Rabi       ,124.0,3457,27.88,1.0,0.96,0.0,0.0,0.0,0.0,0.0,0.0,0.0,0.0,0.51,0.77
231,Rapeseed &Mustard,Kheda, 2014-15,Rabi       ,843.0,937,1.11,1.28,0.66,0.0,0.0,0.0,0.0,0.0,0.0,0.0,0.0,0.23,1.28
232,Small millets,Kheda, 2014-15,Rabi       ,3842.0,5221,1.36,0.3,0.3,0.0,0.0,0.0,0.0,0.0,0.0,0.0,0.0,0.3,1.0
233,Tobacco,Kheda, 2014-15,Rabi       ,27583.0,51525,1.87,0.44,0.0,0.0,0.0,0.0,0.0,0.0,0.0,0.0,0.42,0.42,0.85
234,Wheat,Kheda, 2014-15,Rabi       ,64677.0,166336,2.57,1.15,0.41,0.0,0.0,0.0,0.0,0.0,0.0,0.0,0.0,0.4,1.15
235,Bajra,Kheda, 2014-15,Summer     ,28203.0,73819,2.62,0.0,0.33,0.42,0.73,0.42,0.0,0.0,0.0,0.0,0.0,0.0,0.0
236,Groundnut,Kheda, 2014-15,Summer     ,353.0,649,1.84,0.0,0.4,0.4,1.15,1.15,0.6,0.0,0.0,0.0,0.0,0.0,0.0
237,Moong(Green Gram),Kheda, 2014-15,Summer     ,676.0,364,0.54,0.0,0.4,0.4,1.05,0.6,0.0,0.0,0.0,0.0,0.0,0.0,0.0
238,Rice,Kheda, 2014-15,Summer     ,3499.0,9167,2.62,1.05,1.05,1.2,1.2,0.9,0.0,0.0,0.0,0.0,0.0,0.0,0.0
239,Sesamum,Kheda, 2014-15,Summer     ,597.0,297,0.5,0.0,0.0,0.0,0.0,0.0,0.35,1.1,0.25,0.0,0.0,0.0,0.0
240,Dry chillies,Kheda, 2014-15,Whole Year ,340.0,344,1.01,0.52,0.8,0.8,1.05,1.05,1.05,0.78,0.0,0.0,0.0,0.0,0.0
241,Garlic,Kheda, 2014-15,Whole Year ,123.0,719,5.85,0.7,0.7,0.7,1.0,0.7,0.7,0.0,0.0,0.0,0.7,0.7,1.0
242,Guar seed,Kheda, 2014-15,Whole Year ,16983.0,13136,0.77,0.0,0.0,0.44,0.44,1.03,0.63,0.44,0.44,1.03,0.63,0.0,0.0
243,Potato,Kheda, 2014-15,Whole Year ,5376.0,139072,25.87,1.15,1.15,0.75,0.0,0.0,0.0,0.0,0.0,0.0,0.0,0.5,0.5
244,Sugarcane,Kheda, 2014-15,Whole Year ,2.0,141,70.5,0.4,0.4,1.25,1.25,1.2,1.2,1.2,1.2,1.2,1.2,0.75,0.75
245,Arhar/Tur,Mahesana, 2014-15,Kharif     ,35.0,38,1.09,0.0,0.0,0.0,0.0,0.0,0.4,0.57,1.01,1.01,0.99,0.0,0.0
246,Bajra,Mahesana, 2014-15,Kharif     ,4874.0,5407,1.11,0.0,0.0,0.0,0.0,0.0,0.0,0.33,0.42,0.73,0.42,0.0,0.0
247,Castor seed,Mahesana, 2014-15,Kharif     ,77652.0,159256,2.05,1.7,1.7,0.0,0.0,0.0,0.0,0.0,0.35,0.35,1.15,1.15,0.55
248,Cotton(lint),Mahesana, 2014-15,Kharif     ,58844.0,224109,3.81,0.0,0.0,0.0,0.0,0.0,0.35,0.35,0.35,1.15,1.15,1.15,0.5
249,Groundnut,Mahesana, 2014-15,Kharif     ,7782.0,13023,1.67,0.0,0.0,0.0,0.0,0.0,0.4,0.4,1.15,1.15,0.6,0.0,0.0
250,Maize,Mahesana, 2014-15,Kharif     ,360.0,449,1.25,0.0,0.0,0.0,0.0,0.0,0.3,0.3,1.2,1.2,0.35,0.0,0.0
251,Moong(Green Gram),Mahesana, 2014-15,Kharif     ,2350.0,852,0.36,0.0,0.0,0.0,0.0,0.0,0.0,0.4,1.05,1.05,0.6,0.0,0.0
252,Moth,Mahesana, 2014-15,Kharif     ,359.0,155,0.43,0.0,0.0,0.0,0.0,0.0,0.4,1.15,1.15,0.35,0.0,0.0,0.0
253,Other Cereals,Mahesana, 2014-15,Kharif     ,40.0,22,0.55,0.0,0.0,0.0,0.0,0.0,0.3,1.15,1.15,0.4,0.0,0.0,0.0
254,Other Kharif pulses,Mahesana, 2014-15,Kharif     ,510.0,231,0.45,0.0,0.0,0.0,0.0,0.0,0.4,1.25,1.25,0.75,0.0,0.0,0.0
255,Rice,Mahesana, 2014-15,Kharif     ,6815.0,18047,2.65,0.0,0.0,0.0,0.0,0.0,0.0,1.05,1.05,1.2,1.2,0.9,0.0
256,Sesamum,Mahesana, 2014-15,Kharif     ,2922.0,956,0.33,0.0,0.0,0.0,0.0,0.0,0.38,0.73,0.73,0.98,0.63,0.0,0.0
257,Tobacco,Mahesana, 2014-15,Kharif     ,156.0,285,1.83,0.0,0.0,0.0,0.0,0.0,0.0,0.43,0.84,0.44,0.0,0.0,0.0
258,Urad,Mahesana, 2014-15,Kharif     ,2398.0,987,0.41,0.0,0.0,0.0,0.0,0.0,0.0,0.4,0.4,1.13,0.4,0.0,0.0
259,Gram (channa),Mahesana, 2014-15,Rabi       ,178.0,182,1.02,1.05,0.35,0.0,0.0,0.0,0.0,0.0,0.0,0.0,0.5,0.5,1.05
260,Onion,Mahesana, 2014-15,Rabi       ,344.0,9590,27.88,1.0,0.96,0.0,0.0,0.0,0.0,0.0,0.0,0.0,0.0,0.51,0.77
261,Rapeseed &Mustard,Mahesana, 2014-15,Rabi       ,19801.0,30789,1.55,1.28,0.66,0.0,0.0,0.0,0.0,0.0,0.0,0.0,0.0,0.23,1.28
262,Small millets,Mahesana, 2014-15,Rabi       ,1297.0,1432,1.1,0.3,0.3,0.0,0.0,0.0,0.0,0.0,0.0,0.0,0.0,0.3,1.0
263,Tobacco,Mahesana, 2014-15,Rabi       ,12972.0,20251,1.56,0.44,0.0,0.0,0.0,0.0,0.0,0.0,0.0,0.0,0.42,0.42,0.85
264,Wheat,Mahesana, 2014-15,Rabi       ,71053.0,209415,2.95,1.15,0.41,0.0,0.0,0.0,0.0,0.0,0.0,0.0,0.0,0.4,1.15
265,Bajra,Mahesana, 2014-15,Summer     ,17185.0,44800,2.61,0.0,0.33,0.42,0.73,0.42,0.0,0.0,0.0,0.0,0.0,0.0,0.0
266,Groundnut,Mahesana, 2014-15,Summer     ,589.0,1084,1.84,0.0,0.4,0.4,1.15,1.15,0.6,0.0,0.0,0.0,0.0,0.0,0.0
267,Moong(Green Gram),Mahesana, 2014-15,Summer     ,304.0,185,0.61,0.0,0.4,0.4,1.05,0.6,0.0,0.0,0.0,0.0,0.0,0.0,0.0
268,Rice,Mahesana, 2014-15,Summer     ,27.0,87,3.22,1.05,1.05,1.2,1.2,0.9,0.0,0.0,0.0,0.0,0.0,0.0,0.0
269,Sesamum,Mahesana, 2014-15,Summer     ,186.0,93,0.5,0.0,0.0,0.0,0.0,0.0,0.35,1.1,0.25,0.0,0.0,0.0,0.0
270,Garlic,Mahesana, 2014-15,Whole Year ,41.0,240,5.85,0.7,0.7,0.7,1.0,0.7,0.7,0.0,0.0,0.0,0.7,0.7,1.0
271,Guar seed,Mahesana, 2014-15,Whole Year ,28507.0,22050,0.77,0.0,0.0,0.44,0.44,1.03,0.63,0.44,0.44,1.03,0.63,0.0,0.0
272,Potato,Mahesana, 2014-15,Whole Year ,6551.0,158408,24.18,1.15,1.15,0.75,0.0,0.0,0.0,0.0,0.0,0.0,0.0,0.5,0.5
273,Bajra,Morbi, 2014-15,Kharif     ,2762.2,3846,1.39,0.0,0.0,0.0,0.0,0.0,0.0,0.33,0.42,0.73,0.42,0.0,0.0
274,Castor seed,Morbi, 2014-15,Kharif     ,12764.0,38231,3.0,1.7,1.7,0.0,0.0,0.0,0.0,0.0,0.35,0.35,1.15,1.15,0.55
275,Cotton(lint),Morbi, 2014-15,Kharif     ,161279.0,729577,4.52,0.0,0.0,0.0,0.0,0.0,0.35,0.35,0.35,1.15,1.15,1.15,0.5
276,Groundnut,Morbi, 2014-15,Kharif     ,91684.0,67140,0.73,0.0,0.0,0.0,0.0,0.0,0.4,0.4,1.15,1.15,0.6,0.0,0.0
277,Jowar,Morbi, 2014-15,Kharif     ,2079.0,2536,1.22,0.0,0.0,0.0,0.0,0.0,0.4,0.73,1.1,1.1,0.78,0.0,0.0
278,Maize,Morbi, 2014-15,Kharif     ,68.0,85,1.25,0.0,0.0,0.0,0.0,0.0,0.3,0.3,1.2,1.2,0.35,0.0,0.0
279,Moong(Green Gram),Morbi, 2014-15,Kharif     ,878.0,434,0.49,0.0,0.0,0.0,0.0,0.0,0.0,0.4,1.05,1.05,0.6,0.0,0.0
280,Moth,Morbi, 2014-15,Kharif     ,426.0,184,0.43,0.0,0.0,0.0,0.0,0.0,0.4,1.15,1.15,0.35,0.0,0.0,0.0
281,Sesamum,Morbi, 2014-15,Kharif     ,15659.0,8940,0.57,0.0,0.0,0.0,0.0,0.0,0.38,0.73,0.73,0.98,0.63,0.0,0.0
282,Urad,Morbi, 2014-15,Kharif     ,438.0,308,0.7,0.0,0.0,0.0,0.0,0.0,0.0,0.4,0.4,1.13,0.4,0.0,0.0
283,Gram (channa),Morbi, 2014-15,Rabi       ,2203.0,3933,1.79,1.05,0.35,0.0,0.0,0.0,0.0,0.0,0.0,0.0,0.5,0.5,1.05
284,Onion,Morbi, 2014-15,Rabi       ,1124.0,31614,28.13,1.0,0.96,0.0,0.0,0.0,0.0,0.0,0.0,0.0,0.0,0.51,0.77
285,Rapeseed &Mustard,Morbi, 2014-15,Rabi       ,1267.0,2305,1.82,1.28,0.66,0.0,0.0,0.0,0.0,0.0,0.0,0.0,0.0,0.23,1.28
286,Wheat,Morbi, 2014-15,Rabi       ,20993.0,87921,4.19,1.15,0.41,0.0,0.0,0.0,0.0,0.0,0.0,0.0,0.0,0.4,1.15
287,Bajra,Morbi, 2014-15,Summer     ,185.0,485,2.62,0.0,0.33,0.42,0.73,0.42,0.0,0.0,0.0,0.0,0.0,0.0,0.0
288,Groundnut,Morbi, 2014-15,Summer     ,25.0,46,1.84,0.0,0.4,0.4,1.15,1.15,0.6,0.0,0.0,0.0,0.0,0.0,0.0
289,Moong(Green Gram),Morbi, 2014-15,Summer     ,92.0,52,0.57,0.0,0.4,0.4,1.05,0.6,0.0,0.0,0.0,0.0,0.0,0.0,0.0
290,Onion,Morbi, 2014-15,Summer     ,36.0,1003,27.86,0.0,0.0,0.51,0.77,1.0,0.96,0.0,0.0,0.0,0.0,0.0,0.0
291,Sesamum,Morbi, 2014-15,Summer     ,6200.0,2985,0.48,0.0,0.0,0.0,0.0,0.0,0.35,1.1,0.25,0.0,0.0,0.0,0.0
292,Dry chillies,Morbi, 2014-15,Whole Year ,30.0,27,0.9,0.52,0.8,0.8,1.05,1.05,1.05,0.78,0.0,0.0,0.0,0.0,0.0
293,Garlic,Morbi, 2014-15,Whole Year ,974.0,5695,5.85,0.7,0.7,0.7,1.0,0.7,0.7,0.0,0.0,0.0,0.7,0.7,1.0
294,Guar seed,Morbi, 2014-15,Whole Year ,6279.0,4857,0.77,0.0,0.0,0.44,0.44,1.03,0.63,0.44,0.44,1.03,0.63,0.0,0.0
295,Sugarcane,Morbi, 2014-15,Whole Year ,73.0,5136,70.36,0.4,0.4,1.25,1.25,1.2,1.2,1.2,1.2,1.2,1.2,0.75,0.75
296,Arhar/Tur,Narmada, 2014-15,Kharif     ,24823.0,25923,1.04,0.0,0.0,0.0,0.0,0.0,0.4,0.57,1.01,1.01,0.99,0.0,0.0
297,Castor seed,Narmada, 2014-15,Kharif     ,529.0,871,1.65,1.7,1.7,0.0,0.0,0.0,0.0,0.0,0.35,0.35,1.15,1.15,0.55
298,Cotton(lint),Narmada, 2014-15,Kharif     ,46799.0,113375,2.42,0.0,0.0,0.0,0.0,0.0,0.35,0.35,0.35,1.15,1.15,1.15,0.5
299,Groundnut,Narmada, 2014-15,Kharif     ,84.0,170,2.02,0.0,0.0,0.0,0.0,0.0,0.4,0.4,1.15,1.15,0.6,0.0,0.0
300,Jowar,Narmada, 2014-15,Kharif     ,3779.0,3839,1.02,0.0,0.0,0.0,0.0,0.0,0.4,0.73,1.1,1.1,0.78,0.0,0.0
301,Maize,Narmada, 2014-15,Kharif     ,2972.0,4130,1.39,0.0,0.0,0.0,0.0,0.0,0.3,0.3,1.2,1.2,0.35,0.0,0.0
302,Moong(Green Gram),Narmada, 2014-15,Kharif     ,460.0,227,0.49,0.0,0.0,0.0,0.0,0.0,0.0,0.4,1.05,1.05,0.6,0.0,0.0
303,Other Cereals,Narmada, 2014-15,Kharif     ,231.0,131,0.57,0.0,0.0,0.0,0.0,0.0,0.3,1.15,1.15,0.4,0.0,0.0,0.0
304,Other Kharif pulses,Narmada, 2014-15,Kharif     ,651.0,304,0.47,0.0,0.0,0.0,0.0,0.0,0.4,1.25,1.25,0.75,0.0,0.0,0.0
305,Rice,Narmada, 2014-15,Kharif     ,10879.0,7954,0.73,0.0,0.0,0.0,0.0,0.0,0.0,1.05,1.05,1.2,1.2,0.9,0.0
306,Sesamum,Narmada, 2014-15,Kharif     ,55.0,32,0.58,0.0,0.0,0.0,0.0,0.0,0.38,0.73,0.73,0.98,0.63,0.0,0.0
307,Soyabean,Narmada, 2014-15,Kharif     ,4127.0,3339,0.81,0.0,0.0,0.0,0.0,0.0,0.4,0.4,1.15,1.15,0.5,0.0,0.0
308,Urad,Narmada, 2014-15,Kharif     ,826.0,684,0.83,0.0,0.0,0.0,0.0,0.0,0.0,0.4,0.4,1.13,0.4,0.0,0.0
309,Gram (channa),Narmada, 2014-15,Rabi       ,1819.0,1325,0.73,1.05,0.35,0.0,0.0,0.0,0.0,0.0,0.0,0.0,0.5,0.5,1.05
310,Jowar,Narmada, 2014-15,Rabi       ,2228.0,1620,0.73,0.78,0.0,0.0,0.0,0.0,0.0,0.0,0.0,0.0,0.4,0.73,1.1
311,Maize,Narmada, 2014-15,Rabi       ,1704.0,3683,2.16,1.2,0.35,0.0,0.0,0.0,0.0,0.0,0.0,0.0,0.0,0.3,1.2
312,Onion,Narmada, 2014-15,Rabi       ,5.0,139,27.8,1.0,0.96,0.0,0.0,0.0,0.0,0.0,0.0,0.0,0.0,0.51,0.77
313,Other  Rabi pulses,Narmada, 2014-15,Rabi       ,264.0,116,0.44,1.15,0.35,0.0,0.0,0.0,0.0,0.0,0.0,0.0,0.0,0.4,1.15
314,Rapeseed &Mustard,Narmada, 2014-15,Rabi       ,62.0,113,1.82,1.28,0.66,0.0,0.0,0.0,0.0,0.0,0.0,0.0,0.0,0.23,1.28
315,Small millets,Narmada, 2014-15,Rabi       ,60.0,44,0.73,0.3,0.3,0.0,0.0,0.0,0.0,0.0,0.0,0.0,0.0,0.3,1.0
316,Wheat,Narmada, 2014-15,Rabi       ,1941.0,3502,1.8,1.15,0.41,0.0,0.0,0.0,0.0,0.0,0.0,0.0,0.0,0.4,1.15
317,Bajra,Narmada, 2014-15,Summer     ,747.0,1244,1.67,0.0,0.33,0.42,0.73,0.42,0.0,0.0,0.0,0.0,0.0,0.0,0.0
318,Groundnut,Narmada, 2014-15,Summer     ,500.0,842,1.68,0.0,0.4,0.4,1.15,1.15,0.6,0.0,0.0,0.0,0.0,0.0,0.0
319,Maize,Narmada, 2014-15,Summer     ,438.0,873,1.99,0.0,0.0,0.0,0.0,0.0,0.36,1.06,0.95,0.0,0.0,0.0,0.0
320,Moong(Green Gram),Narmada, 2014-15,Summer     ,902.0,422,0.47,0.0,0.4,0.4,1.05,0.6,0.0,0.0,0.0,0.0,0.0,0.0,0.0
321,Sesamum,Narmada, 2014-15,Summer     ,224.0,88,0.39,0.0,0.0,0.0,0.0,0.0,0.35,1.1,0.25,0.0,0.0,0.0,0.0
322,Banana,Narmada, 2014-15,Whole Year ,4693.0,345500,73.62,1.1,1.0,1.0,1.0,1.2,1.2,1.2,1.2,1.2,1.1,1.1,1.1
323,Guar seed,Narmada, 2014-15,Whole Year ,38.0,29,0.76,0.0,0.0,0.44,0.44,1.03,0.63,0.44,0.44,1.03,0.63,0.0,0.0
324,Sugarcane,Narmada, 2014-15,Whole Year ,6715.0,514369,76.6,0.4,0.4,1.25,1.25,1.2,1.2,1.2,1.2,1.2,1.2,0.75,0.75
325,Arhar/Tur,Panch_Mahals, 2014-15,Kharif     ,16110.0,33412,2.07,0.0,0.0,0.0,0.0,0.0,0.4,0.57,1.01,1.01,0.99,0.0,0.0
326,Bajra,Panch_Mahals, 2014-15,Kharif     ,830.0,1355,1.63,0.0,0.0,0.0,0.0,0.0,0.0,0.33,0.42,0.73,0.42,0.0,0.0
327,Castor seed,Panch_Mahals, 2014-15,Kharif     ,1132.0,1454,1.28,1.7,1.7,0.0,0.0,0.0,0.0,0.0,0.35,0.35,1.15,1.15,0.55
328,Cotton(lint),Panch_Mahals, 2014-15,Kharif     ,12046.0,52009,4.32,0.0,0.0,0.0,0.0,0.0,0.35,0.35,0.35,1.15,1.15,1.15,0.5
329,Groundnut,Panch_Mahals, 2014-15,Kharif     ,54.0,110,2.04,0.0,0.0,0.0,0.0,0.0,0.4,0.4,1.15,1.15,0.6,0.0,0.0
330,Jowar,Panch_Mahals, 2014-15,Kharif     ,63.0,77,1.22,0.0,0.0,0.0,0.0,0.0,0.4,0.73,1.1,1.1,0.78,0.0,0.0
331,Maize,Panch_Mahals, 2014-15,Kharif     ,62448.0,80633,1.29,0.0,0.0,0.0,0.0,0.0,0.3,0.3,1.2,1.2,0.35,0.0,0.0
332,Moong(Green Gram),Panch_Mahals, 2014-15,Kharif     ,227.0,112,0.49,0.0,0.0,0.0,0.0,0.0,0.0,0.4,1.05,1.05,0.6,0.0,0.0
333,Moth,Panch_Mahals, 2014-15,Kharif     ,44.0,19,0.43,0.0,0.0,0.0,0.0,0.0,0.4,1.15,1.15,0.35,0.0,0.0,0.0
334,Other Cereals,Panch_Mahals, 2014-15,Kharif     ,295.0,160,0.54,0.0,0.0,0.0,0.0,0.0,0.3,1.15,1.15,0.4,0.0,0.0,0.0
335,Rice,Panch_Mahals, 2014-15,Kharif     ,40762.0,43965,1.08,0.0,0.0,0.0,0.0,0.0,0.0,1.05,1.05,1.2,1.2,0.9,0.0
336,Sesamum,Panch_Mahals, 2014-15,Kharif     ,956.0,553,0.58,0.0,0.0,0.0,0.0,0.0,0.38,0.73,0.73,0.98,0.63,0.0,0.0
337,Soyabean,Panch_Mahals, 2014-15,Kharif     ,991.0,746,0.75,0.0,0.0,0.0,0.0,0.0,0.4,0.4,1.15,1.15,0.5,0.0,0.0
338,Tobacco,Panch_Mahals, 2014-15,Kharif     ,17.0,31,1.82,0.0,0.0,0.0,0.0,0.0,0.0,0.43,0.84,0.44,0.0,0.0,0.0
339,Urad,Panch_Mahals, 2014-15,Kharif     ,1562.0,1383,0.89,0.0,0.0,0.0,0.0,0.0,0.0,0.4,0.4,1.13,0.4,0.0,0.0
340,Gram (channa),Panch_Mahals, 2014-15,Rabi       ,2270.0,1904,0.84,1.05,0.35,0.0,0.0,0.0,0.0,0.0,0.0,0.0,0.5,0.5,1.05
341,Maize,Panch_Mahals, 2014-15,Rabi       ,80.0,146,1.83,1.2,0.35,0.0,0.0,0.0,0.0,0.0,0.0,0.0,0.0,0.3,1.2
342,Onion,Panch_Mahals, 2014-15,Rabi       ,659.0,18372,27.88,1.0,0.96,0.0,0.0,0.0,0.0,0.0,0.0,0.0,0.0,0.51,0.77
343,Wheat,Panch_Mahals, 2014-15,Rabi       ,22053.0,41027,1.86,1.15,0.41,0.0,0.0,0.0,0.0,0.0,0.0,0.0,0.0,0.4,1.15
344,Bajra,Panch_Mahals, 2014-15,Summer     ,2625.0,4339,1.65,0.0,0.33,0.42,0.73,0.42,0.0,0.0,0.0,0.0,0.0,0.0,0.0
345,Groundnut,Panch_Mahals, 2014-15,Summer     ,770.0,1405,1.82,0.0,0.4,0.4,1.15,1.15,0.6,0.0,0.0,0.0,0.0,0.0,0.0
346,Maize,Panch_Mahals, 2014-15,Summer     ,166.0,381,2.3,0.0,0.0,0.0,0.0,0.0,0.36,1.06,0.95,0.0,0.0,0.0,0.0
347,Moong(Green Gram),Panch_Mahals, 2014-15,Summer     ,917.0,425,0.46,0.0,0.4,0.4,1.05,0.6,0.0,0.0,0.0,0.0,0.0,0.0,0.0
348,Rice,Panch_Mahals, 2014-15,Summer     ,105.0,337,3.21,1.05,1.05,1.2,1.2,0.9,0.0,0.0,0.0,0.0,0.0,0.0,0.0
349,Sesamum,Panch_Mahals, 2014-15,Summer     ,454.0,210,0.46,0.0,0.0,0.0,0.0,0.0,0.35,1.1,0.25,0.0,0.0,0.0,0.0
350,Guar seed,Panch_Mahals, 2014-15,Whole Year ,604.0,467,0.77,0.0,0.0,0.44,0.44,1.03,0.63,0.44,0.44,1.03,0.63,0.0,0.0
351,Bajra,Patan, 2014-15,Kharif     ,1517.0,1119,0.74,0.0,0.0,0.0,0.0,0.0,0.0,0.33,0.42,0.73,0.42,0.0,0.0
352,Castor seed,Patan, 2014-15,Kharif     ,102860.0,189982,1.85,1.7,1.7,0.0,0.0,0.0,0.0,0.0,0.35,0.35,1.15,1.15,0.55
353,Cotton(lint),Patan, 2014-15,Kharif     ,57673.0,183688,3.18,0.0,0.0,0.0,0.0,0.0,0.35,0.35,0.35,1.15,1.15,1.15,0.5
354,Groundnut,Patan, 2014-15,Kharif     ,45.0,91,2.02,0.0,0.0,0.0,0.0,0.0,0.4,0.4,1.15,1.15,0.6,0.0,0.0
355,Jowar,Patan, 2014-15,Kharif     ,600.0,732,1.22,0.0,0.0,0.0,0.0,0.0,0.4,0.73,1.1,1.1,0.78,0.0,0.0
356,Moong(Green Gram),Patan, 2014-15,Kharif     ,2232.0,766,0.34,0.0,0.0,0.0,0.0,0.0,0.0,0.4,1.05,1.05,0.6,0.0,0.0
357,Moth,Patan, 2014-15,Kharif     ,877.0,550,0.63,0.0,0.0,0.0,0.0,0.0,0.4,1.15,1.15,0.35,0.0,0.0,0.0
358,Other Cereals,Patan, 2014-15,Kharif     ,1335.0,945,0.71,0.0,0.0,0.0,0.0,0.0,0.3,1.15,1.15,0.4,0.0,0.0,0.0
359,Other Kharif pulses,Patan, 2014-15,Kharif     ,420.0,178,0.42,0.0,0.0,0.0,0.0,0.0,0.4,1.25,1.25,0.75,0.0,0.0,0.0
360,Sesamum,Patan, 2014-15,Kharif     ,1416.0,420,0.3,0.0,0.0,0.0,0.0,0.0,0.38,0.73,0.73,0.98,0.63,0.0,0.0
361,Urad,Patan, 2014-15,Kharif     ,4090.0,2318,0.57,0.0,0.0,0.0,0.0,0.0,0.0,0.4,0.4,1.13,0.4,0.0,0.0
362,Gram (channa),Patan, 2014-15,Rabi       ,5992.0,3910,0.65,1.05,0.35,0.0,0.0,0.0,0.0,0.0,0.0,0.0,0.5,0.5,1.05
363,Jowar,Patan, 2014-15,Rabi       ,320.0,456,1.43,0.78,0.0,0.0,0.0,0.0,0.0,0.0,0.0,0.0,0.4,0.73,1.1
364,Onion,Patan, 2014-15,Rabi       ,35.0,976,27.89,1.0,0.96,0.0,0.0,0.0,0.0,0.0,0.0,0.0,0.0,0.51,0.77
365,Rapeseed &Mustard,Patan, 2014-15,Rabi       ,26748.0,43564,1.63,1.28,0.66,0.0,0.0,0.0,0.0,0.0,0.0,0.0,0.0,0.23,1.28
366,Tobacco,Patan, 2014-15,Rabi       ,1165.0,1819,1.56,0.44,0.0,0.0,0.0,0.0,0.0,0.0,0.0,0.0,0.42,0.42,0.85
367,Wheat,Patan, 2014-15,Rabi       ,37115.0,106980,2.88,1.15,0.41,0.0,0.0,0.0,0.0,0.0,0.0,0.0,0.0,0.4,1.15
368,Bajra,Patan, 2014-15,Summer     ,8050.0,22290,2.77,0.0,0.33,0.42,0.73,0.42,0.0,0.0,0.0,0.0,0.0,0.0,0.0
369,Sesamum,Patan, 2014-15,Summer     ,7.0,3,0.43,0.0,0.0,0.0,0.0,0.0,0.35,1.1,0.25,0.0,0.0,0.0,0.0
370,Banana,Patan, 2014-15,Whole Year ,140.0,10323,73.74,1.1,1.0,1.0,1.0,1.2,1.2,1.2,1.2,1.2,1.1,1.1,1.1
371,Dry chillies,Patan, 2014-15,Whole Year ,225.0,222,0.99,0.52,0.8,0.8,1.05,1.05,1.05,0.78,0.0,0.0,0.0,0.0,0.0
372,Garlic,Patan, 2014-15,Whole Year ,5.0,29,5.8,0.7,0.7,0.7,1.0,0.7,0.7,0.0,0.0,0.0,0.7,0.7,1.0
373,Guar seed,Patan, 2014-15,Whole Year ,25555.0,19767,0.77,0.0,0.0,0.44,0.44,1.03,0.63,0.44,0.44,1.03,0.63,0.0,0.0
374,Potato,Patan, 2014-15,Whole Year ,841.0,21587,25.67,1.15,1.15,0.75,0.0,0.0,0.0,0.0,0.0,0.0,0.0,0.5,0.5
375,Arhar/Tur,Surendranagar, 2014-15,Kharif     ,15.0,16,1.07,0.0,0.0,0.0,0.0,0.0,0.4,0.57,1.01,1.01,0.99,0.0,0.0
376,Bajra,Surendranagar, 2014-15,Kharif     ,9077.0,18301,2.02,0.0,0.0,0.0,0.0,0.0,0.0,0.33,0.42,0.73,0.42,0.0,0.0
377,Castor seed,Surendranagar, 2014-15,Kharif     ,66900.0,107348,1.6,1.7,1.7,0.0,0.0,0.0,0.0,0.0,0.35,0.35,1.15,1.15,0.55
378,Cotton(lint),Surendranagar, 2014-15,Kharif     ,367402.0,1177786,3.21,0.0,0.0,0.0,0.0,0.0,0.35,0.35,0.35,1.15,1.15,1.15,0.5
379,Groundnut,Surendranagar, 2014-15,Kharif     ,6645.0,14040,2.11,0.0,0.0,0.0,0.0,0.0,0.4,0.4,1.15,1.15,0.6,0.0,0.0
380,Maize,Surendranagar, 2014-15,Kharif     ,15.0,19,1.27,0.0,0.0,0.0,0.0,0.0,0.3,0.3,1.2,1.2,0.35,0.0,0.0
381,Moong(Green Gram),Surendranagar, 2014-15,Kharif     ,3248.0,1843,0.57,0.0,0.0,0.0,0.0,0.0,0.0,0.4,1.05,1.05,0.6,0.0,0.0
382,Moth,Surendranagar, 2014-15,Kharif     ,20.0,9,0.45,0.0,0.0,0.0,0.0,0.0,0.4,1.15,1.15,0.35,0.0,0.0,0.0
383,Other Kharif pulses,Surendranagar, 2014-15,Kharif     ,110.0,41,0.37,0.0,0.0,0.0,0.0,0.0,0.4,1.25,1.25,0.75,0.0,0.0,0.0
384,Sesamum,Surendranagar, 2014-15,Kharif     ,27157.0,14659,0.54,0.0,0.0,0.0,0.0,0.0,0.38,0.73,0.73,0.98,0.63,0.0,0.0
385,Urad,Surendranagar, 2014-15,Kharif     ,185.0,130,0.7,0.0,0.0,0.0,0.0,0.0,0.0,0.4,0.4,1.13,0.4,0.0,0.0
386,Gram (channa),Surendranagar, 2014-15,Rabi       ,14226.0,14175,1.0,1.05,0.35,0.0,0.0,0.0,0.0,0.0,0.0,0.0,0.5,0.5,1.05
387,Maize,Surendranagar, 2014-15,Rabi       ,765.0,1473,1.93,1.2,0.35,0.0,0.0,0.0,0.0,0.0,0.0,0.0,0.0,0.3,1.2
388,Onion,Surendranagar, 2014-15,Rabi       ,678.0,18902,27.88,1.0,0.96,0.0,0.0,0.0,0.0,0.0,0.0,0.0,0.0,0.51,0.77
389,Other  Rabi pulses,Surendranagar, 2014-15,Rabi       ,18.0,13,0.72,1.15,0.35,0.0,0.0,0.0,0.0,0.0,0.0,0.0,0.0,0.4,1.15
390,Rapeseed &Mustard,Surendranagar, 2014-15,Rabi       ,1716.0,3121,1.82,1.28,0.66,0.0,0.0,0.0,0.0,0.0,0.0,0.0,0.0,0.23,1.28
391,Wheat,Surendranagar, 2014-15,Rabi       ,37090.0,101560,2.74,1.15,0.41,0.0,0.0,0.0,0.0,0.0,0.0,0.0,0.0,0.4,1.15
392,Bajra,Surendranagar, 2014-15,Summer     ,1955.0,6101,3.12,0.0,0.33,0.42,0.73,0.42,0.0,0.0,0.0,0.0,0.0,0.0,0.0
393,Groundnut,Surendranagar, 2014-15,Summer     ,255.0,469,1.84,0.0,0.4,0.4,1.15,1.15,0.6,0.0,0.0,0.0,0.0,0.0,0.0
394,Moong(Green Gram),Surendranagar, 2014-15,Summer     ,90.0,57,0.63,0.0,0.4,0.4,1.05,0.6,0.0,0.0,0.0,0.0,0.0,0.0,0.0
395,Sesamum,Surendranagar, 2014-15,Summer     ,13576.0,6735,0.5,0.0,0.0,0.0,0.0,0.0,0.35,1.1,0.25,0.0,0.0,0.0,0.0
396,Dry chillies,Surendranagar, 2014-15,Whole Year ,660.0,667,1.01,0.52,0.8,0.8,1.05,1.05,1.05,0.78,0.0,0.0,0.0,0.0,0.0
397,Garlic,Surendranagar, 2014-15,Whole Year ,440.0,2573,5.85,0.7,0.7,0.7,1.0,0.7,0.7,0.0,0.0,0.0,0.7,0.7,1.0
398,Guar seed,Surendranagar, 2014-15,Whole Year ,19229.0,14874,0.77,0.0,0.0,0.44,0.44,1.03,0.63,0.44,0.44,1.03,0.63,0.0,0.0
399,Potato,Surendranagar, 2014-15,Whole Year ,60.0,1540,25.67,1.15,1.15,0.75,0.0,0.0,0.0,0.0,0.0,0.0,0.0,0.5,0.5
400,Arhar/Tur,Vadodara, 2014-15,Kharif     ,19215.0,18712,0.97,0.0,0.0,0.0,0.0,0.0,0.4,0.57,1.01,1.01,0.99,0.0,0.0
401,Bajra,Vadodara, 2014-15,Kharif     ,5500.0,9066,1.65,0.0,0.0,0.0,0.0,0.0,0.0,0.33,0.42,0.73,0.42,0.0,0.0
402,Castor seed,Vadodara, 2014-15,Kharif     ,28473.0,53230,1.87,1.7,1.7,0.0,0.0,0.0,0.0,0.0,0.35,0.35,1.15,1.15,0.55
403,Cotton(lint),Vadodara, 2014-15,Kharif     ,108653.0,380109,3.5,0.0,0.0,0.0,0.0,0.0,0.35,0.35,0.35,1.15,1.15,1.15,0.5
404,Maize,Vadodara, 2014-15,Kharif     ,1515.0,2442,1.61,0.0,0.0,0.0,0.0,0.0,0.3,0.3,1.2,1.2,0.35,0.0,0.0
405,Moong(Green Gram),Vadodara, 2014-15,Kharif     ,75.0,37,0.49,0.0,0.0,0.0,0.0,0.0,0.0,0.4,1.05,1.05,0.6,0.0,0.0
406,Moth,Vadodara, 2014-15,Kharif     ,35.0,15,0.43,0.0,0.0,0.0,0.0,0.0,0.4,1.15,1.15,0.35,0.0,0.0,0.0
407,Other Kharif pulses,Vadodara, 2014-15,Kharif     ,1410.0,655,0.46,0.0,0.0,0.0,0.0,0.0,0.4,1.25,1.25,0.75,0.0,0.0,0.0
408,Rice,Vadodara, 2014-15,Kharif     ,23137.0,40875,1.77,0.0,0.0,0.0,0.0,0.0,0.0,1.05,1.05,1.2,1.2,0.9,0.0
409,Sesamum,Vadodara, 2014-15,Kharif     ,125.0,72,0.58,0.0,0.0,0.0,0.0,0.0,0.38,0.73,0.73,0.98,0.63,0.0,0.0
410,Soyabean,Vadodara, 2014-15,Kharif     ,2684.0,2285,0.85,0.0,0.0,0.0,0.0,0.0,0.4,0.4,1.15,1.15,0.5,0.0,0.0
411,Tobacco,Vadodara, 2014-15,Kharif     ,1265.0,1661,1.31,0.0,0.0,0.0,0.0,0.0,0.0,0.43,0.84,0.44,0.0,0.0,0.0
412,Urad,Vadodara, 2014-15,Kharif     ,60.0,42,0.7,0.0,0.0,0.0,0.0,0.0,0.0,0.4,0.4,1.13,0.4,0.0,0.0
413,Gram (channa),Vadodara, 2014-15,Rabi       ,105.0,107,1.02,1.05,0.35,0.0,0.0,0.0,0.0,0.0,0.0,0.0,0.5,0.5,1.05
414,Jowar,Vadodara, 2014-15,Rabi       ,60.0,59,0.98,0.78,0.0,0.0,0.0,0.0,0.0,0.0,0.0,0.0,0.4,0.73,1.1
415,Maize,Vadodara, 2014-15,Rabi       ,1000.0,2317,2.32,1.2,0.35,0.0,0.0,0.0,0.0,0.0,0.0,0.0,0.0,0.3,1.2
416,Onion,Vadodara, 2014-15,Rabi       ,100.0,2788,27.88,1.0,0.96,0.0,0.0,0.0,0.0,0.0,0.0,0.0,0.0,0.51,0.77
417,Other  Rabi pulses,Vadodara, 2014-15,Rabi       ,12.0,9,0.75,1.15,0.35,0.0,0.0,0.0,0.0,0.0,0.0,0.0,0.0,0.4,1.15
418,Rapeseed &Mustard,Vadodara, 2014-15,Rabi       ,69.0,126,1.83,1.28,0.66,0.0,0.0,0.0,0.0,0.0,0.0,0.0,0.0,0.23,1.28
419,Tobacco,Vadodara, 2014-15,Rabi       ,260.0,341,1.31,0.44,0.0,0.0,0.0,0.0,0.0,0.0,0.0,0.0,0.42,0.42,0.85
420,Wheat,Vadodara, 2014-15,Rabi       ,24370.0,58361,2.39,1.15,0.41,0.0,0.0,0.0,0.0,0.0,0.0,0.0,0.0,0.4,1.15
421,Bajra,Vadodara, 2014-15,Summer     ,5221.0,10431,2.0,0.0,0.33,0.42,0.73,0.42,0.0,0.0,0.0,0.0,0.0,0.0,0.0
422,Groundnut,Vadodara, 2014-15,Summer     ,118.0,187,1.58,0.0,0.4,0.4,1.15,1.15,0.6,0.0,0.0,0.0,0.0,0.0,0.0
423,Maize,Vadodara, 2014-15,Summer     ,30.0,66,2.2,0.0,0.0,0.0,0.0,0.0,0.36,1.06,0.95,0.0,0.0,0.0,0.0
424,Moong(Green Gram),Vadodara, 2014-15,Summer     ,255.0,163,0.64,0.0,0.4,0.4,1.05,0.6,0.0,0.0,0.0,0.0,0.0,0.0,0.0
425,Sesamum,Vadodara, 2014-15,Summer     ,48.0,23,0.48,0.0,0.0,0.0,0.0,0.0,0.35,1.1,0.25,0.0,0.0,0.0,0.0
426,Banana,Vadodara, 2014-15,Whole Year ,875.0,47949,54.8,1.1,1.0,1.0,1.0,1.2,1.2,1.2,1.2,1.2,1.1,1.1,1.1
427,Dry chillies,Vadodara, 2014-15,Whole Year ,6070.0,5150,0.85,0.52,0.8,0.8,1.05,1.05,1.05,0.78,0.0,0.0,0.0,0.0,0.0
428,Garlic,Vadodara, 2014-15,Whole Year ,35.0,205,5.86,0.7,0.7,0.7,1.0,0.7,0.7,0.0,0.0,0.0,0.7,0.7,1.0
429,Guar seed,Vadodara, 2014-15,Whole Year ,325.0,251,0.77,0.0,0.0,0.44,0.44,1.03,0.63,0.44,0.44,1.03,0.63,0.0,0.0
430,Potato,Vadodara, 2014-15,Whole Year ,220.0,5647,25.67,1.15,1.15,0.75,0.0,0.0,0.0,0.0,0.0,0.0,0.0,0.5,0.5
431,Sugarcane,Vadodara, 2014-15,Whole Year ,6490.0,395890,61.0,0.4,0.4,1.25,1.25,1.2,1.2,1.2,1.2,1.2,1.2,0.75,0.75
